image,nonceIndex,perturbation,height,width,changedCipherBytes,changedCipherPixels,meanChannelNPCR_percent,minimumChannelNPCR_percent,meanChannelUACI_percent,minimumChannelUACI_percent,roundTripPass
kodim01.png,1,plaintextBit,512,768,1175149,393216,99.6186150444879,99.6103922526042,33.4530383673109,33.4161097707312,1
kodim01.png,1,masterKeyBit,512,768,1175118,393216,99.6159871419271,99.6103922526042,33.4734705174931,33.4663790035872,1
kodim01.png,1,nonceBit,512,768,1175000,393216,99.6059841579861,99.5958964029948,33.4799101254,33.4467370525685,1
kodim01.png,2,plaintextBit,512,768,1175124,393216,99.6164957682292,99.6053059895833,33.4442703812211,33.3971759073096,1
kodim01.png,2,masterKeyBit,512,768,1174953,393216,99.6019999186198,99.5951334635417,33.4306445152931,33.3905388327206,1
kodim01.png,2,nonceBit,512,768,1175111,393216,99.6153937445746,99.6060689290365,33.4460406002136,33.4439166698581,1
kodim01.png,3,plaintextBit,512,768,1175080,393216,99.6127658420139,99.6078491210938,33.4735925213185,33.4498227188011,1
kodim01.png,3,masterKeyBit,512,768,1175121,393216,99.6162414550781,99.6139526367188,33.4690853609239,33.4373753366907,1
kodim01.png,3,nonceBit,512,768,1174967,393216,99.6031867133246,99.5948791503906,33.4390295356967,33.4190937117035,1
kodim02.png,1,plaintextBit,512,768,1175088,393216,99.6134440104167,99.6106465657552,33.430000587746,33.3752930086423,1
kodim02.png,1,masterKeyBit,512,768,1174982,393216,99.6044582790799,99.5943705240885,33.4817458341844,33.4586837868286,1
kodim02.png,1,nonceBit,512,768,1174913,393216,99.5986090766059,99.5941162109375,33.4608110415391,33.4348701028263,1
kodim02.png,2,plaintextBit,512,768,1175019,393216,99.6075948079427,99.5875040690104,33.4747154884089,33.4427737566381,1
kodim02.png,2,masterKeyBit,512,768,1175111,393216,99.6153937445746,99.6025085449219,33.4629612342985,33.4576605503856,1
kodim02.png,2,nonceBit,512,768,1175086,393216,99.613274468316,99.6060689290365,33.4468414373128,33.4241221309488,1
kodim02.png,3,plaintextBit,512,768,1174987,393216,99.6048821343316,99.5905558268229,33.4314908960546,33.3697609496273,1
kodim02.png,3,masterKeyBit,512,768,1175041,393216,99.6094597710504,99.5933532714844,33.4613748521327,33.4382559583078,1
kodim02.png,3,nonceBit,512,768,1175015,393216,99.6072557237413,99.5923360188802,33.4634788363588,33.436714122498,1
kodim03.png,1,plaintextBit,512,768,1175028,393216,99.6083577473958,99.6037801106771,33.4870112799352,33.4651463327845,1
kodim03.png,1,masterKeyBit,512,768,1175055,393216,99.6106465657552,99.6086120605469,33.4734429253473,33.458155214397,1
kodim03.png,1,nonceBit,512,768,1175065,393216,99.6114942762587,99.6065775553385,33.4891588132107,33.4747085072636,1
kodim03.png,2,plaintextBit,512,768,1175045,393216,99.6097988552517,99.6086120605469,33.4560236380251,33.3959482230393,1
kodim03.png,2,masterKeyBit,512,768,1175094,393216,99.6139526367188,99.6060689290365,33.4613416085836,33.4466941683901,1
kodim03.png,2,nonceBit,512,768,1175069,393216,99.6118333604601,99.6045430501302,33.491942628017,33.4809995165059,1
kodim03.png,3,plaintextBit,512,768,1175019,393216,99.6075948079427,99.5880126953125,33.4659438455287,33.4383716458589,1
kodim03.png,3,masterKeyBit,512,768,1175103,393216,99.6147155761719,99.5966593424479,33.4724163645493,33.4647643644047,1
kodim03.png,3,nonceBit,512,768,1175137,393216,99.6175977918837,99.6126810709635,33.5166871313956,33.5044412051931,1
kodim04.png,1,plaintextBit,768,512,1175057,393216,99.6108161078559,99.6060689290365,33.4402947851776,33.4234529383043,1
kodim04.png,1,masterKeyBit,768,512,1175167,393216,99.6201409233941,99.603271484375,33.4860432277838,33.4800929649204,1
kodim04.png,1,nonceBit,768,512,1175036,393216,99.6090359157986,99.5933532714844,33.4389274780008,33.375284032884,1
kodim04.png,2,plaintextBit,768,512,1174996,393216,99.6056450737847,99.5900472005208,33.4569963442734,33.4532025904438,1
kodim04.png,2,masterKeyBit,768,512,1175073,393216,99.6121724446615,99.6075948079427,33.4386528862848,33.4064259248622,1
kodim04.png,2,nonceBit,768,512,1174943,393216,99.6011522081163,99.597422281901,33.4236706835512,33.3910025802314,1
kodim04.png,3,plaintextBit,768,512,1175176,393216,99.6209038628472,99.6192932128906,33.4849292364516,33.4645708869486,1
kodim04.png,3,masterKeyBit,768,512,1174927,393216,99.5997958713108,99.5948791503906,33.4681139844176,33.4257846408421,1
kodim04.png,3,nonceBit,768,512,1174958,393216,99.6024237738715,99.6012369791667,33.4489417647485,33.4031667273029,1
kodim05.png,1,plaintextBit,512,768,1175024,393216,99.6080186631944,99.6045430501302,33.4628472089248,33.4479058957568,1
kodim05.png,1,masterKeyBit,512,768,1175023,393216,99.6079338921441,99.5989481608073,33.419150225737,33.4114982255924,1
kodim05.png,1,nonceBit,512,768,1175084,393216,99.6131049262153,99.6068318684896,33.4633565000979,33.4153258878422,1
kodim05.png,2,plaintextBit,512,768,1175066,393216,99.611579047309,99.6037801106771,33.4940579150497,33.4384304869409,1
kodim05.png,2,masterKeyBit,512,768,1175101,393216,99.6145460340712,99.609375,33.4747464049097,33.4559940512664,1
kodim05.png,2,nonceBit,512,768,1174961,393216,99.6026780870226,99.5961507161458,33.4258045869715,33.4173075358073,1
kodim05.png,3,plaintextBit,512,768,1174972,393216,99.6036105685764,99.5992024739583,33.5079254615801,33.4903093724469,1
kodim05.png,3,masterKeyBit,512,768,1174983,393216,99.6045430501302,99.6012369791667,33.4393443521072,33.4304729785795,1
kodim05.png,3,nonceBit,512,768,1175017,393216,99.607425265842,99.5961507161458,33.472902385238,33.4325184541591,1
kodim06.png,1,plaintextBit,512,768,1175027,393216,99.6082729763455,99.5992024739583,33.4821201565479,33.4262264476103,1
kodim06.png,1,masterKeyBit,512,768,1175073,393216,99.6121724446615,99.6055603027344,33.4598110755804,33.4245021047156,1
kodim06.png,1,nonceBit,512,768,1175022,393216,99.6078491210938,99.5986938476562,33.4757510249651,33.437836092282,1
kodim06.png,2,plaintextBit,512,768,1175062,393216,99.6112399631076,99.6014912923177,33.4767247285199,33.4352480819802,1
kodim06.png,2,masterKeyBit,512,768,1174924,393216,99.5995415581597,99.5869954427083,33.4455326387826,33.3899185080934,1
kodim06.png,2,nonceBit,512,768,1175029,393216,99.6084425184462,99.5956420898438,33.4634495820356,33.4479856802748,1
kodim06.png,3,plaintextBit,512,768,1175094,393216,99.6139526367188,99.6124267578125,33.4796039523123,33.4692911384932,1
kodim06.png,3,masterKeyBit,512,768,1174974,393216,99.6037801106771,99.5925903320312,33.4583842624507,33.4425354003907,1
kodim06.png,3,nonceBit,512,768,1174979,393216,99.6042039659288,99.5986938476562,33.4701953630302,33.3808380326415,1
kodim07.png,1,plaintextBit,512,768,1175097,393216,99.6142069498698,99.6075948079427,33.4824559163944,33.4749767827053,1
kodim07.png,1,masterKeyBit,512,768,1175088,393216,99.6134440104167,99.6088663736979,33.4846031172343,33.4569694169986,1
kodim07.png,1,nonceBit,512,768,1175077,393216,99.6125115288628,99.603271484375,33.430138548475,33.4226142035591,1
kodim07.png,2,plaintextBit,512,768,1175117,393216,99.6159023708768,99.6070861816406,33.4377091019242,33.3980455585555,1
kodim07.png,2,masterKeyBit,512,768,1174993,393216,99.6053907606337,99.5844523111979,33.470362245647,33.459060768676,1
kodim07.png,2,nonceBit,512,768,1175078,393216,99.6125962999132,99.6025085449219,33.4689922789863,33.4679756912531,1
kodim07.png,3,plaintextBit,512,768,1175075,393216,99.6123419867621,99.6053059895833,33.454888038386,33.4320706635519,1
kodim07.png,3,masterKeyBit,512,768,1175075,393216,99.6123419867621,99.5930989583333,33.4794241047114,33.4313545975031,1
kodim07.png,3,nonceBit,512,768,1175080,393216,99.6127658420139,99.603271484375,33.4767496611818,33.4547883077385,1
kodim08.png,1,plaintextBit,512,768,1175011,393216,99.6069166395399,99.6053059895833,33.48115110709,33.4372895683339,1
kodim08.png,1,masterKeyBit,512,768,1175110,393216,99.6153089735243,99.609629313151,33.4852393987652,33.4409786049837,1
kodim08.png,1,nonceBit,512,768,1175043,393216,99.609629313151,99.5999654134115,33.5254348389204,33.4807831010009,1
kodim08.png,2,plaintextBit,512,768,1174963,393216,99.6028476291232,99.5961507161458,33.4887781745728,33.4812837488511,1
kodim08.png,2,masterKeyBit,512,768,1175063,393216,99.611324734158,99.5925903320312,33.4575734522868,33.4291605232588,1
kodim08.png,2,nonceBit,512,768,1175134,393216,99.6173434787326,99.6124267578125,33.4671977922029,33.4260938058492,1
kodim08.png,3,plaintextBit,512,768,1175060,393216,99.611070421007,99.609629313151,33.4566203597325,33.4457965925629,1
kodim08.png,3,masterKeyBit,512,768,1175170,393216,99.6203952365451,99.6114095052083,33.4490285304118,33.4010803621579,1
kodim08.png,3,nonceBit,512,768,1175171,393216,99.6204800075955,99.6058146158854,33.4556406723389,33.4214493495967,1
kodim09.png,1,plaintextBit,768,512,1175129,393216,99.6169196234809,99.6098836263021,33.4973696374166,33.4311252170139,1
kodim09.png,1,masterKeyBit,768,512,1174961,393216,99.6026780870226,99.5903015136719,33.4600820105061,33.4111860686658,1
kodim09.png,1,nonceBit,768,512,1174986,393216,99.6047973632812,99.597422281901,33.4757393897229,33.4493629605163,1
kodim09.png,2,plaintextBit,768,512,1175092,393216,99.6137830946181,99.6019999186198,33.4980109054799,33.472116507736,1
kodim09.png,2,masterKeyBit,768,512,1175038,393216,99.6092054578993,99.603525797526,33.504819184347,33.4853806838491,1
kodim09.png,2,nonceBit,768,512,1174972,393216,99.6036105685764,99.5897928873698,33.4812209185432,33.4396731308084,1
kodim09.png,3,plaintextBit,768,512,1175108,393216,99.6151394314236,99.6040344238281,33.4570797855818,33.4436104967704,1
kodim09.png,3,masterKeyBit,768,512,1174990,393216,99.6051364474826,99.5951334635417,33.45065380753,33.4070163302952,1
kodim09.png,3,nonceBit,768,512,1174906,393216,99.5980156792535,99.5933532714844,33.4704436923424,33.4356101042305,1
kodim10.png,1,plaintextBit,768,512,1175028,393216,99.6083577473958,99.6017456054688,33.4547640399476,33.4313226836959,1
kodim10.png,1,masterKeyBit,768,512,1175127,393216,99.6167500813802,99.6042887369792,33.4799809341597,33.4407043457032,1
kodim10.png,1,nonceBit,768,512,1175110,393216,99.6153089735243,99.6053059895833,33.4168331503609,33.4112329420701,1
kodim10.png,2,plaintextBit,768,512,1175022,393216,99.6078491210938,99.6007283528646,33.4574614215261,33.4331208272697,1
kodim10.png,2,masterKeyBit,768,512,1174995,393216,99.6055603027344,99.5956420898438,33.4822208845018,33.4680644515294,1
kodim10.png,2,nonceBit,768,512,1175063,393216,99.611324734158,99.6101379394531,33.4366994953364,33.420786140791,1
kodim10.png,3,plaintextBit,768,512,1175065,393216,99.6114942762587,99.597422281901,33.4566486167493,33.4187646005668,1
kodim10.png,3,masterKeyBit,768,512,1175055,393216,99.6106465657552,99.6053059895833,33.42499876334,33.374164057713,1
kodim10.png,3,nonceBit,768,512,1175048,393216,99.6100531684028,99.6070861816406,33.4734445875247,33.4141470715891,1
kodim11.png,1,plaintextBit,512,768,1175036,393216,99.6090359157986,99.6045430501302,33.4577646026944,33.4421594158497,1
kodim11.png,1,masterKeyBit,512,768,1174993,393216,99.6053907606337,99.6002197265625,33.4578251059539,33.4305737065334,1
kodim11.png,1,nonceBit,512,768,1175170,393216,99.6203952365451,99.6106465657552,33.4605115171612,33.4218462775736,1
kodim11.png,2,plaintextBit,512,768,1175020,393216,99.607679578993,99.5834350585938,33.4455705364286,33.4356230692147,1
kodim11.png,2,masterKeyBit,512,768,1174903,393216,99.5977613661024,99.5892842610677,33.4531031922318,33.409820756102,1
kodim11.png,2,nonceBit,512,768,1175064,393216,99.6114095052083,99.6045430501302,33.4747490643936,33.4178600435943,1
kodim11.png,3,plaintextBit,512,768,1175022,393216,99.6078491210938,99.5946248372396,33.456245372498,33.4059651692709,1
kodim11.png,3,masterKeyBit,512,768,1175073,393216,99.6121724446615,99.6083577473958,33.4541467072398,33.4258514603759,1
kodim11.png,3,nonceBit,512,768,1175001,393216,99.6060689290365,99.597422281901,33.4730174079181,33.4266153971355,1
kodim12.png,1,plaintextBit,512,768,1175043,393216,99.609629313151,99.6070861816406,33.4574235238801,33.4474202075036,1
kodim12.png,1,masterKeyBit,512,768,1175014,393216,99.607170952691,99.603525797526,33.4817302097163,33.43807145661,1
kodim12.png,1,nonceBit,512,768,1174994,393216,99.605475531684,99.6002197265625,33.4229246983082,33.4041919583589,1
kodim12.png,2,plaintextBit,512,768,1175103,393216,99.6147155761719,99.6025085449219,33.4457773113043,33.4280375561683,1
kodim12.png,2,masterKeyBit,512,768,1175119,393216,99.6160719129774,99.6126810709635,33.4732866806662,33.4546586578968,1
kodim12.png,2,nonceBit,512,768,1175052,393216,99.6103922526042,99.6047973632812,33.4616082218478,33.449198404948,1
kodim12.png,3,plaintextBit,512,768,1175078,393216,99.6125962999132,99.6025085449219,33.4537504441339,33.4156639747371,1
kodim12.png,3,masterKeyBit,512,768,1174971,393216,99.603525797526,99.5933532714844,33.4554618220444,33.4089441237107,1
kodim12.png,3,nonceBit,512,768,1175038,393216,99.6092054578993,99.6045430501302,33.4207339484188,33.4115590612873,1
kodim13.png,1,plaintextBit,512,768,1175091,393216,99.6136983235677,99.6101379394531,33.5032394508911,33.4793768988716,1
kodim13.png,1,masterKeyBit,512,768,1175038,393216,99.6092054578993,99.6060689290365,33.463529034118,33.4154714945875,1
kodim13.png,1,nonceBit,512,768,1175062,393216,99.6112399631076,99.6025085449219,33.4733870761847,33.437560835695,1
kodim13.png,2,plaintextBit,512,768,1174992,393216,99.6053059895833,99.6004740397135,33.4325733060152,33.3998307371452,1
kodim13.png,2,masterKeyBit,512,768,1175004,393216,99.6063232421875,99.6002197265625,33.4769833633324,33.4674471188215,1
kodim13.png,2,nonceBit,512,768,1174994,393216,99.605475531684,99.5903015136719,33.4721743515115,33.4411760716657,1
kodim13.png,3,plaintextBit,512,768,1175141,393216,99.6179368760851,99.6103922526042,33.4807339005481,33.4193121218214,1
kodim13.png,3,masterKeyBit,512,768,1175128,393216,99.6168348524305,99.6098836263021,33.4869288359333,33.466048895144,1
kodim13.png,3,nonceBit,512,768,1174907,393216,99.5981004503038,99.5867411295573,33.4534449359171,33.3883138419756,1
kodim14.png,1,plaintextBit,512,768,1175082,393216,99.6129353841146,99.5953877766927,33.4667775937415,33.4157656999975,1
kodim14.png,1,masterKeyBit,512,768,1174880,393216,99.5958116319444,99.5897928873698,33.5049933805445,33.484893000983,1
kodim14.png,1,nonceBit,512,768,1175160,393216,99.6195475260417,99.6075948079427,33.452623155382,33.4159841101154,1
kodim14.png,2,plaintextBit,512,768,1175179,393216,99.6211581759983,99.6070861816406,33.4503014259089,33.4224287045548,1
kodim14.png,2,masterKeyBit,512,768,1174986,393216,99.6047973632812,99.5936075846354,33.438348042939,33.4136563968036,1
kodim14.png,2,nonceBit,512,768,1175116,393216,99.6158175998264,99.603271484375,33.4291665070977,33.4112828073938,1
kodim14.png,3,plaintextBit,512,768,1174960,393216,99.6025933159722,99.5956420898438,33.4885850295522,33.4846237282348,1
kodim14.png,3,masterKeyBit,512,768,1174975,393216,99.6038648817274,99.6004740397135,33.4525071353954,33.4242677376941,1
kodim14.png,3,nonceBit,512,768,1175062,393216,99.6112399631076,99.6083577473958,33.4373075198504,33.3912239822687,1
kodim15.png,1,plaintextBit,512,768,1175026,393216,99.6081882052951,99.5933532714844,33.4767426800365,33.4563750223397,1
kodim15.png,1,masterKeyBit,512,768,1174981,393216,99.6043735080295,99.5956420898438,33.4537032382941,33.4310574001736,1
kodim15.png,1,nonceBit,512,768,1175020,393216,99.607679578993,99.5948791503906,33.485266990911,33.4541560154336,1
kodim15.png,2,plaintextBit,512,768,1175044,393216,99.6097140842014,99.6047973632812,33.4766668847444,33.4261855580449,1
kodim15.png,2,masterKeyBit,512,768,1175056,393216,99.6107313368056,99.6025085449219,33.4706032613784,33.4417814366958,1
kodim15.png,2,nonceBit,512,768,1175124,393216,99.6164957682292,99.6081034342448,33.4608047252647,33.3855483111214,1
kodim15.png,3,plaintextBit,512,768,1175060,393216,99.6110704210069,99.6088663736979,33.4825327089929,33.4682329963236,1
kodim15.png,3,masterKeyBit,512,768,1175002,393216,99.6061537000868,99.5964050292969,33.4732215233099,33.4331617168352,1
kodim15.png,3,nonceBit,512,768,1174990,393216,99.6051364474826,99.6017456054688,33.469397850286,33.4543385225184,1
kodim16.png,1,plaintextBit,512,768,1174982,393216,99.6044582790799,99.5923360188802,33.4760163084874,33.4656270345053,1
kodim16.png,1,masterKeyBit,512,768,1174976,393216,99.6039496527778,99.5903015136719,33.4330476914616,33.4210554135392,1
kodim16.png,1,nonceBit,512,768,1175186,393216,99.6217515733507,99.6129353841146,33.4479524367256,33.4243485195185,1
kodim16.png,2,plaintextBit,512,768,1174924,393216,99.5995415581597,99.5877583821615,33.468490966265,33.4513196758196,1
kodim16.png,2,masterKeyBit,512,768,1175106,393216,99.6149698893229,99.6045430501302,33.4245007749737,33.396964478337,1
kodim16.png,2,nonceBit,512,768,1174967,393216,99.6031867133246,99.5992024739583,33.4544266179237,33.4205039030587,1
kodim16.png,3,plaintextBit,512,768,1174983,393216,99.6045430501302,99.5930989583333,33.4880727464597,33.4610843035131,1
kodim16.png,3,masterKeyBit,512,768,1175042,393216,99.6095445421007,99.5979309082031,33.4611577717567,33.4294736774919,1
kodim16.png,3,nonceBit,512,768,1175043,393216,99.609629313151,99.5981852213542,33.4246530304288,33.3883337881051,1
kodim17.png,1,plaintextBit,768,512,1175064,393216,99.6114095052083,99.5938618977865,33.4796438445713,33.4541739669501,1
kodim17.png,1,masterKeyBit,768,512,1174995,393216,99.6055603027344,99.5992024739583,33.485324502251,33.4495793760213,1
kodim17.png,1,nonceBit,768,512,1175078,393216,99.6125962999132,99.6040344238281,33.483493115128,33.4524087344899,1
kodim17.png,2,plaintextBit,768,512,1174940,393216,99.6008978949653,99.5951334635417,33.4491575153825,33.4322272406684,1
kodim17.png,2,masterKeyBit,768,512,1174885,393216,99.5962354871962,99.5849609375,33.4263005807249,33.4172187755311,1
kodim17.png,2,nonceBit,768,512,1175030,393216,99.6085272894965,99.6014912923177,33.4641849293429,33.4237860386668,1
kodim17.png,3,plaintextBit,768,512,1174959,393216,99.6025085449219,99.5966593424479,33.4609473400906,33.4405168520859,1
kodim17.png,3,masterKeyBit,768,512,1175035,393216,99.6089511447482,99.5999654134115,33.4766921498417,33.4129183900123,1
kodim17.png,3,nonceBit,768,512,1175133,393216,99.6172587076823,99.6065775553385,33.4168770318458,33.4035666471993,1
kodim18.png,1,plaintextBit,768,512,1174992,393216,99.6053059895833,99.5976765950521,33.4461722446683,33.4163531135111,1
kodim18.png,1,masterKeyBit,768,512,1174978,393216,99.6041191948785,99.5986938476562,33.4723578559028,33.4469185623469,1
kodim18.png,1,nonceBit,768,512,1175079,393216,99.6126810709635,99.6027628580729,33.462505132804,33.4183188045726,1
kodim18.png,2,plaintextBit,768,512,1175002,393216,99.6061537000868,99.6002197265625,33.4313642381324,33.4006345661637,1
kodim18.png,2,masterKeyBit,768,512,1174959,393216,99.6025085449219,99.5938618977865,33.4691189369086,33.4294058606516,1
kodim18.png,2,nonceBit,768,512,1175033,393216,99.6087816026476,99.5997111002604,33.4467097928582,33.3984454784518,1
kodim18.png,3,plaintextBit,768,512,1175104,393216,99.6148003472222,99.6058146158854,33.4910244411893,33.434451234107,1
kodim18.png,3,masterKeyBit,768,512,1175075,393216,99.6123419867622,99.5943705240885,33.4486571999677,33.3960888432522,1
kodim18.png,3,nonceBit,768,512,1175049,393216,99.6101379394531,99.6078491210938,33.4496574983618,33.4101728052875,1
kodim19.png,1,plaintextBit,768,512,1174944,393216,99.6012369791667,99.5892842610677,33.4466140514366,33.4098217534084,1
kodim19.png,1,masterKeyBit,768,512,1174975,393216,99.6038648817274,99.5946248372396,33.4089604130498,33.366346172258,1
kodim19.png,1,nonceBit,768,512,1175006,393216,99.6064927842882,99.5979309082031,33.4473361013243,33.4389211617264,1
kodim19.png,2,plaintextBit,768,512,1175059,393215,99.6109856499566,99.603017171224,33.4979557211883,33.4613914739073,1
kodim19.png,2,masterKeyBit,768,512,1175008,393216,99.6066623263889,99.5930989583333,33.4665744756562,33.4266742382175,1
kodim19.png,2,nonceBit,768,512,1174845,393216,99.5928446451823,99.5897928873698,33.4594374180879,33.3980435639425,1
kodim19.png,3,plaintextBit,768,512,1175050,393216,99.6102227105035,99.5994567871094,33.4956456269574,33.4885022531148,1
kodim19.png,3,masterKeyBit,768,512,1174957,393216,99.6023390028212,99.5979309082031,33.4913605334712,33.4330330643,1
kodim19.png,3,nonceBit,768,512,1174954,393216,99.6020846896701,99.5956420898438,33.4529828505839,33.3959641799429,1
kodim20.png,1,plaintextBit,512,768,1175082,393216,99.6129353841146,99.6124267578125,33.4423818151936,33.4032804202411,1
kodim20.png,1,masterKeyBit,512,768,1175193,393216,99.6223449707031,99.6172587076823,33.4911431206598,33.4549229441126,1
kodim20.png,1,nonceBit,512,768,1175015,393216,99.6072557237413,99.597422281901,33.4565881134898,33.4369355245354,1
kodim20.png,2,plaintextBit,512,768,1175056,393216,99.6107313368056,99.6045430501302,33.5063264468657,33.4961884941151,1
kodim20.png,2,masterKeyBit,512,768,1175002,393216,99.6061537000868,99.6019999186198,33.4507655058552,33.4225094863792,1
kodim20.png,2,nonceBit,512,768,1174976,393216,99.6039496527778,99.5981852213542,33.4592053781148,33.4072846057369,1
kodim20.png,3,plaintextBit,512,768,1175070,393216,99.6119181315104,99.5930989583333,33.4682243530008,33.4147055632149,1
kodim20.png,3,masterKeyBit,512,768,1175180,393216,99.6212429470486,99.6103922526042,33.4528129760477,33.43173457127,1
kodim20.png,3,nonceBit,512,768,1175124,393216,99.6164957682292,99.6142069498698,33.472312644676,33.4645110485601,1
kodim21.png,1,plaintextBit,512,768,1175109,393216,99.615224202474,99.6025085449219,33.4556277073547,33.419504601971,1
kodim21.png,1,masterKeyBit,512,768,1174920,393216,99.5992024739583,99.597422281901,33.4642866546033,33.4223000520195,1
kodim21.png,1,nonceBit,512,768,1174981,393216,99.6043735080295,99.6007283528646,33.4493174168539,33.4407970952053,1
kodim21.png,2,plaintextBit,512,768,1174990,393216,99.6051364474826,99.5958964029948,33.4823797886668,33.4809616188598,1
kodim21.png,2,masterKeyBit,512,768,1175065,393216,99.6114942762587,99.6055603027344,33.473648370481,33.4572277193755,1
kodim21.png,2,nonceBit,512,768,1175098,393216,99.6142917209201,99.6103922526042,33.5114140396285,33.4777163835912,1
kodim21.png,3,plaintextBit,512,768,1175077,393216,99.6125115288628,99.603017171224,33.460753530199,33.4036264855878,1
kodim21.png,3,masterKeyBit,512,768,1175045,393216,99.6097988552518,99.6047973632812,33.4320118224699,33.3863830566407,1
kodim21.png,3,nonceBit,512,768,1175061,393216,99.6111551920573,99.6045430501302,33.4718475674233,33.4536284403085,1
kodim22.png,1,plaintextBit,512,768,1175009,393216,99.6067470974392,99.5928446451823,33.4611082388685,33.4459940592448,1
kodim22.png,1,masterKeyBit,512,768,1175151,393216,99.6187845865885,99.6126810709635,33.4502525578917,33.4260858273974,1
kodim22.png,1,nonceBit,512,768,1175168,393216,99.6202256944444,99.6175130208333,33.4437122220308,33.4307851355061,1
kodim22.png,2,plaintextBit,512,768,1175085,393216,99.6131896972656,99.609629313151,33.4745688843572,33.4031178592857,1
kodim22.png,2,masterKeyBit,512,768,1175098,393216,99.6142917209201,99.6068318684896,33.4428678358822,33.4132624607461,1
kodim22.png,2,nonceBit,512,768,1175043,393216,99.609629313151,99.5989481608073,33.4781538686981,33.4530270645042,1
kodim22.png,3,plaintextBit,512,768,1174987,393216,99.6048821343316,99.5951334635417,33.4534279817071,33.4409895753549,1
kodim22.png,3,masterKeyBit,512,768,1175100,393216,99.6144612630208,99.6004740397135,33.4570505312586,33.4291485555811,1
kodim22.png,3,nonceBit,512,768,1174958,393216,99.6024237738715,99.5900472005208,33.4557563598899,33.4203652774587,1
kodim23.png,1,plaintextBit,512,768,1175042,393216,99.6095445421007,99.6045430501302,33.4681362575955,33.4384484384575,1
kodim23.png,1,masterKeyBit,512,768,1175146,393216,99.6183607313368,99.6121724446615,33.4485162473193,33.4167729795369,1
kodim23.png,1,nonceBit,512,768,1175005,393216,99.6064080132379,99.59716796875,33.4712737837649,33.4310254863665,1
kodim23.png,2,plaintextBit,512,768,1175073,393216,99.6121724446615,99.6070861816406,33.4725107762289,33.442166396995,1
kodim23.png,2,masterKeyBit,512,768,1174991,393216,99.605221218533,99.591064453125,33.4821716840491,33.4567170984605,1
kodim23.png,2,nonceBit,512,768,1175058,393216,99.6109008789062,99.6060689290365,33.4527980164506,33.4003383661408,1
kodim23.png,3,plaintextBit,512,768,1175002,393216,99.6061537000868,99.590810139974,33.4695009052884,33.4047484553718,1
kodim23.png,3,masterKeyBit,512,768,1175128,393216,99.6168348524306,99.6114095052083,33.4632713966121,33.4580714406531,1
kodim23.png,3,nonceBit,512,768,1174998,393216,99.6058146158854,99.5943705240885,33.4385890586704,33.424095203674,1
kodim24.png,1,plaintextBit,512,768,1175067,393216,99.6116638183594,99.5992024739583,33.4162517206861,33.3823409734988,1
kodim24.png,1,masterKeyBit,512,768,1175116,393216,99.6158175998264,99.6004740397135,33.4614586258766,33.4164737875945,1
kodim24.png,1,nonceBit,512,768,1174997,393216,99.6057298448351,99.59716796875,33.4767323745362,33.410707361558,1
kodim24.png,2,plaintextBit,512,768,1175080,393216,99.6127658420139,99.6068318684896,33.4287403247975,33.3836803560943,1
kodim24.png,2,masterKeyBit,512,768,1175092,393216,99.6137830946181,99.6101379394531,33.4416850304033,33.421315710529,1
kodim24.png,2,nonceBit,512,768,1175035,393216,99.6089511447483,99.5981852213542,33.4422950495303,33.425040650212,1
kodim24.png,3,plaintextBit,512,768,1175017,393216,99.607425265842,99.6012369791667,33.4146058325674,33.3934489730137,1
kodim24.png,3,masterKeyBit,512,768,1175044,393216,99.6097140842014,99.5905558268229,33.4533432106567,33.4331677006741,1
kodim24.png,3,nonceBit,512,768,1174984,393216,99.6046278211805,99.590810139974,33.4353288638047,33.3885073194317,1
